﻿<?xml version="1.0" encoding="UTF-16"?>
<Task version="1.2" xmlns="http://schemas.microsoft.com/windows/2004/02/mit/task">
  <RegistrationInfo>
    <Date>2011-11-21T15:20:00.0633544</Date>
    <Author>administrator</Author>
    <URI>\SL886 - uspImportDailyIndex_PM</URI>
  </RegistrationInfo>
  <Principals>
    <Principal id="Author">
      <UserId>S-1-5-18</UserId>
    </Principal>
  </Principals>
  <Settings>
    <DisallowStartIfOnBatteries>true</DisallowStartIfOnBatteries>
    <StopIfGoingOnBatteries>true</StopIfGoingOnBatteries>
    <MultipleInstancesPolicy>StopExisting</MultipleInstancesPolicy>
    <StartWhenAvailable>true</StartWhenAvailable>
    <IdleSettings>
      <StopOnIdleEnd>true</StopOnIdleEnd>
      <RestartOnIdle>false</RestartOnIdle>
    </IdleSettings>
  </Settings>
  <Triggers>
    <CalendarTrigger>
      <StartBoundary>2011-11-21T09:30:00</StartBoundary>
      <Repetition>
        <Interval>PT2M</Interval>
        <Duration>PT2H35M</Duration>
      </Repetition>
      <ScheduleByWeek>
        <WeeksInterval>1</WeeksInterval>
        <DaysOfWeek>
          <Monday />
          <Tuesday />
          <Wednesday />
          <Thursday />
          <Friday />
        </DaysOfWeek>
      </ScheduleByWeek>
    </CalendarTrigger>
    <CalendarTrigger>
      <StartBoundary>2011-11-21T13:00:00</StartBoundary>
      <Repetition>
        <Interval>PT2M</Interval>
        <Duration>PT3H10M</Duration>
      </Repetition>
      <ScheduleByWeek>
        <WeeksInterval>1</WeeksInterval>
        <DaysOfWeek>
          <Monday />
          <Tuesday />
          <Wednesday />
          <Thursday />
          <Friday />
        </DaysOfWeek>
      </ScheduleByWeek>
    </CalendarTrigger>
    <CalendarTrigger>
      <StartBoundary>2015-03-17T16:05:00</StartBoundary>
      <Repetition>
        <Interval>PT10M</Interval>
        <Duration>PT15M</Duration>
      </Repetition>
      <ScheduleByWeek>
        <WeeksInterval>1</WeeksInterval>
        <DaysOfWeek>
          <Monday />
          <Tuesday />
          <Wednesday />
          <Thursday />
          <Friday />
        </DaysOfWeek>
      </ScheduleByWeek>
    </CalendarTrigger>
  </Triggers>
  <Actions Context="Author">
    <Exec>
      <Command>C:\project\yii2\sl886\yii.bat</Command>
      <Arguments>importindex hsi</Arguments>
      <WorkingDirectory>C:\project\yii2\sl886\</WorkingDirectory>
    </Exec>
  </Actions>
</Task>
