﻿<?xml version="1.0" encoding="UTF-16"?>
<Task version="1.2" xmlns="http://schemas.microsoft.com/windows/2004/02/mit/task">
  <RegistrationInfo>
    <Date>2018-01-24T11:37:59.9197172</Date>
    <Author>WIN2019\admin</Author>
    <URI>\SL886  - ADR Alphavantage</URI>
  </RegistrationInfo>
  <Principals>
    <Principal id="Author">
      <UserId>S-1-5-18</UserId>
    </Principal>
  </Principals>
  <Settings>
    <DisallowStartIfOnBatteries>true</DisallowStartIfOnBatteries>
    <StopIfGoingOnBatteries>true</StopIfGoingOnBatteries>
    <ExecutionTimeLimit>PT1H</ExecutionTimeLimit>
    <MultipleInstancesPolicy>Parallel</MultipleInstancesPolicy>
    <StartWhenAvailable>true</StartWhenAvailable>
    <IdleSettings>
      <StopOnIdleEnd>true</StopOnIdleEnd>
      <RestartOnIdle>false</RestartOnIdle>
    </IdleSettings>
  </Settings>
  <Triggers>
    <CalendarTrigger>
      <StartBoundary>2018-01-24T21:30:00</StartBoundary>
      <Repetition>
        <Interval>PT30M</Interval>
        <Duration>PT9H</Duration>
      </Repetition>
      <ScheduleByDay>
        <DaysInterval>1</DaysInterval>
      </ScheduleByDay>
    </CalendarTrigger>
    <CalendarTrigger>
      <StartBoundary>2018-12-29T07:00:00</StartBoundary>
      <Repetition>
        <Interval>PT30M</Interval>
        <Duration>PT3H</Duration>
      </Repetition>
      <ScheduleByWeek>
        <WeeksInterval>1</WeeksInterval>
        <DaysOfWeek>
          <Tuesday />
          <Wednesday />
          <Thursday />
          <Friday />
          <Saturday />
        </DaysOfWeek>
      </ScheduleByWeek>
    </CalendarTrigger>
  </Triggers>
  <Actions Context="Author">
    <Exec>
      <Command>C:\project\yii2\sl886\yii.bat</Command>
      <Arguments>adr checktime</Arguments>
      <WorkingDirectory>C:\project\yii2\sl886\</WorkingDirectory>
    </Exec>
  </Actions>
</Task>
