﻿<?xml version="1.0" encoding="UTF-16"?>
<Task version="1.2" xmlns="http://schemas.microsoft.com/windows/2004/02/mit/task">
  <RegistrationInfo>
    <Date>2024-04-10T11:54:48.1534594</Date>
    <Author>PAULCOM\admin</Author>
    <URI>\SL886 - Stock AI Recalc</URI>
  </RegistrationInfo>
  <Principals>
    <Principal id="Author">
      <UserId>S-1-5-18</UserId>
    </Principal>
  </Principals>
  <Settings>
    <DisallowStartIfOnBatteries>true</DisallowStartIfOnBatteries>
    <StopIfGoingOnBatteries>true</StopIfGoingOnBatteries>
    <MultipleInstancesPolicy>IgnoreNew</MultipleInstancesPolicy>
    <IdleSettings>
      <StopOnIdleEnd>true</StopOnIdleEnd>
      <RestartOnIdle>false</RestartOnIdle>
    </IdleSettings>
  </Settings>
  <Triggers>
    <CalendarTrigger>
      <StartBoundary>2024-04-10T04:00:00</StartBoundary>
      <ScheduleByWeek>
        <WeeksInterval>1</WeeksInterval>
        <DaysOfWeek>
          <Tuesday />
          <Wednesday />
          <Thursday />
          <Friday />
          <Saturday />
        </DaysOfWeek>
      </ScheduleByWeek>
    </CalendarTrigger>
    <CalendarTrigger>
      <StartBoundary>2024-04-10T07:00:00</StartBoundary>
      <Enabled>false</Enabled>
      <Repetition>
        <Interval>PT1H</Interval>
        <Duration>PT4H</Duration>
      </Repetition>
      <ScheduleByDay>
        <DaysInterval>1</DaysInterval>
      </ScheduleByDay>
    </CalendarTrigger>
  </Triggers>
  <Actions Context="Author">
    <Exec>
      <Command>C:\project\yii2\SL886\yii.bat</Command>
      <Arguments>stockai/recalc</Arguments>
      <WorkingDirectory>C:\project\yii2\SL886\</WorkingDirectory>
    </Exec>
  </Actions>
</Task>
