﻿<?xml version="1.0" encoding="UTF-16"?>
<Task version="1.2" xmlns="http://schemas.microsoft.com/windows/2004/02/mit/task">
  <RegistrationInfo>
    <Date>2025-05-27T17:33:02.2522886</Date>
    <Author>PAULCOM\admin</Author>
    <URI>\SL886 - Bot Feature Notification</URI>
  </RegistrationInfo>
  <Principals>
    <Principal id="Author">
      <UserId>S-1-5-21-463758137-2802981960-3536458678-1002</UserId>
      <LogonType>Password</LogonType>
    </Principal>
  </Principals>
  <Settings>
    <DisallowStartIfOnBatteries>true</DisallowStartIfOnBatteries>
    <StopIfGoingOnBatteries>true</StopIfGoingOnBatteries>
    <MultipleInstancesPolicy>IgnoreNew</MultipleInstancesPolicy>
    <IdleSettings>
      <StopOnIdleEnd>true</StopOnIdleEnd>
      <RestartOnIdle>false</RestartOnIdle>
    </IdleSettings>
  </Settings>
  <Triggers>
    <CalendarTrigger>
      <StartBoundary>2025-05-27T16:05:00</StartBoundary>
      <Repetition>
        <Interval>PT15M</Interval>
        <Duration>PT7H</Duration>
      </Repetition>
      <ScheduleByWeek>
        <WeeksInterval>1</WeeksInterval>
        <DaysOfWeek>
          <Monday />
          <Tuesday />
          <Wednesday />
          <Thursday />
          <Friday />
        </DaysOfWeek>
      </ScheduleByWeek>
    </CalendarTrigger>
    <CalendarTrigger>
      <StartBoundary>2025-05-27T07:30:00</StartBoundary>
      <Repetition>
        <Interval>PT15M</Interval>
        <Duration>PT1H30M</Duration>
      </Repetition>
      <ScheduleByWeek>
        <WeeksInterval>1</WeeksInterval>
        <DaysOfWeek>
          <Monday />
          <Tuesday />
          <Wednesday />
          <Thursday />
          <Friday />
        </DaysOfWeek>
      </ScheduleByWeek>
    </CalendarTrigger>
    <CalendarTrigger>
      <StartBoundary>2025-05-27T12:01:00</StartBoundary>
      <Repetition>
        <Interval>PT5M</Interval>
        <Duration>PT45M</Duration>
      </Repetition>
      <ScheduleByWeek>
        <WeeksInterval>1</WeeksInterval>
        <DaysOfWeek>
          <Monday />
          <Tuesday />
          <Wednesday />
          <Thursday />
          <Friday />
        </DaysOfWeek>
      </ScheduleByWeek>
    </CalendarTrigger>
  </Triggers>
  <Actions Context="Author">
    <Exec>
      <Command>C:\project\mcp-client\notify_agent.bat</Command>
      <WorkingDirectory>C:\project\mcp-client\</WorkingDirectory>
    </Exec>
  </Actions>
</Task>
