﻿<?xml version="1.0" encoding="UTF-16"?>
<Task version="1.2" xmlns="http://schemas.microsoft.com/windows/2004/02/mit/task">
  <RegistrationInfo>
    <Date>2025-06-06T18:22:05.5523013</Date>
    <Author>PAULCOM\admin</Author>
    <URI>\SL886 - Whatsapp Jobs - Today</URI>
  </RegistrationInfo>
  <Principals>
    <Principal id="Author">
      <UserId>S-1-5-21-463758137-2802981960-3536458678-1002</UserId>
      <LogonType>Password</LogonType>
    </Principal>
  </Principals>
  <Settings>
    <DisallowStartIfOnBatteries>true</DisallowStartIfOnBatteries>
    <StopIfGoingOnBatteries>true</StopIfGoingOnBatteries>
    <ExecutionTimeLimit>PT1H</ExecutionTimeLimit>
    <MultipleInstancesPolicy>StopExisting</MultipleInstancesPolicy>
    <StartWhenAvailable>true</StartWhenAvailable>
    <IdleSettings>
      <StopOnIdleEnd>true</StopOnIdleEnd>
      <RestartOnIdle>false</RestartOnIdle>
    </IdleSettings>
  </Settings>
  <Triggers>
    <CalendarTrigger>
      <StartBoundary>2025-06-06T18:21:32</StartBoundary>
      <Repetition>
        <Interval>PT3H</Interval>
        <Duration>P1D</Duration>
      </Repetition>
      <ScheduleByDay>
        <DaysInterval>1</DaysInterval>
      </ScheduleByDay>
    </CalendarTrigger>
  </Triggers>
  <Actions Context="Author">
    <Exec>
      <Command>C:\project\mcp-client\replyjobs_today.bat</Command>
      <WorkingDirectory>C:\project\mcp-client\</WorkingDirectory>
    </Exec>
  </Actions>
</Task>
