﻿<?xml version="1.0" encoding="UTF-16"?>
<Task version="1.2" xmlns="http://schemas.microsoft.com/windows/2004/02/mit/task">
  <RegistrationInfo>
    <Date>2018-03-06T16:33:08.7577566</Date>
    <Author>WIN2019\admin</Author>
    <URI>\SL886 - Table Status Alert</URI>
  </RegistrationInfo>
  <Principals>
    <Principal id="Author">
      <UserId>S-1-5-18</UserId>
    </Principal>
  </Principals>
  <Settings>
    <DisallowStartIfOnBatteries>true</DisallowStartIfOnBatteries>
    <StopIfGoingOnBatteries>true</StopIfGoingOnBatteries>
    <ExecutionTimeLimit>PT1H</ExecutionTimeLimit>
    <MultipleInstancesPolicy>Parallel</MultipleInstancesPolicy>
    <StartWhenAvailable>true</StartWhenAvailable>
    <IdleSettings>
      <StopOnIdleEnd>true</StopOnIdleEnd>
      <RestartOnIdle>false</RestartOnIdle>
    </IdleSettings>
  </Settings>
  <Triggers>
    <CalendarTrigger>
      <StartBoundary>2018-03-06T23:32:00</StartBoundary>
      <ScheduleByWeek>
        <WeeksInterval>1</WeeksInterval>
        <DaysOfWeek>
          <Monday />
          <Tuesday />
          <Wednesday />
          <Thursday />
          <Friday />
        </DaysOfWeek>
      </ScheduleByWeek>
    </CalendarTrigger>
    <CalendarTrigger>
      <StartBoundary>2025-06-21T23:50:00</StartBoundary>
      <ScheduleByWeek>
        <WeeksInterval>1</WeeksInterval>
        <DaysOfWeek>
          <Monday />
          <Tuesday />
          <Wednesday />
          <Thursday />
          <Friday />
        </DaysOfWeek>
      </ScheduleByWeek>
    </CalendarTrigger>
  </Triggers>
  <Actions Context="Author">
    <Exec>
      <Command>C:\project\yii2\sl886\yii.bat</Command>
      <Arguments>alert</Arguments>
      <WorkingDirectory>C:\project\yii2\sl886\</WorkingDirectory>
    </Exec>
  </Actions>
</Task>
