﻿<?xml version="1.0" encoding="UTF-16"?>
<Task version="1.2" xmlns="http://schemas.microsoft.com/windows/2004/02/mit/task">
  <RegistrationInfo>
    <Date>2019-01-19T18:30:22.3835515</Date>
    <Author>WIN2019\admin</Author>
    <URI>\SL886 - Sub Stra - HK</URI>
  </RegistrationInfo>
  <Principals>
    <Principal id="Author">
      <UserId>S-1-5-21-463758137-2802981960-3536458678-1002</UserId>
      <LogonType>Password</LogonType>
    </Principal>
  </Principals>
  <Settings>
    <DisallowStartIfOnBatteries>true</DisallowStartIfOnBatteries>
    <StopIfGoingOnBatteries>true</StopIfGoingOnBatteries>
    <MultipleInstancesPolicy>StopExisting</MultipleInstancesPolicy>
    <StartWhenAvailable>true</StartWhenAvailable>
    <IdleSettings>
      <StopOnIdleEnd>true</StopOnIdleEnd>
      <RestartOnIdle>false</RestartOnIdle>
    </IdleSettings>
  </Settings>
  <Triggers>
    <CalendarTrigger>
      <StartBoundary>2019-01-19T21:00:00</StartBoundary>
      <ScheduleByWeek>
        <WeeksInterval>1</WeeksInterval>
        <DaysOfWeek>
          <Monday />
          <Tuesday />
          <Wednesday />
          <Thursday />
          <Friday />
        </DaysOfWeek>
      </ScheduleByWeek>
    </CalendarTrigger>
  </Triggers>
  <Actions Context="Author">
    <Exec>
      <Command>C:\project\yii2\sl886\exec\runsubstra_hk.bat</Command>
      <WorkingDirectory>C:\project\yii2\sl886\exec\</WorkingDirectory>
    </Exec>
  </Actions>
</Task>
