﻿<?xml version="1.0" encoding="UTF-16"?>
<Task version="1.2" xmlns="http://schemas.microsoft.com/windows/2004/02/mit/task">
  <RegistrationInfo>
    <Date>2021-10-30T15:40:41.2163734</Date>
    <Author>WIN2019\admin</Author>
    <URI>\SL886 - Run Task</URI>
  </RegistrationInfo>
  <Principals>
    <Principal id="Author">
      <UserId>S-1-5-18</UserId>
    </Principal>
  </Principals>
  <Settings>
    <DisallowStartIfOnBatteries>true</DisallowStartIfOnBatteries>
    <StopIfGoingOnBatteries>true</StopIfGoingOnBatteries>
    <MultipleInstancesPolicy>StopExisting</MultipleInstancesPolicy>
    <StartWhenAvailable>true</StartWhenAvailable>
    <IdleSettings>
      <StopOnIdleEnd>true</StopOnIdleEnd>
      <RestartOnIdle>false</RestartOnIdle>
    </IdleSettings>
  </Settings>
  <Triggers>
    <CalendarTrigger>
      <StartBoundary>2021-10-30T16:00:00</StartBoundary>
      <Repetition>
        <Interval>PT1H</Interval>
        <Duration>P1D</Duration>
      </Repetition>
      <ScheduleByDay>
        <DaysInterval>1</DaysInterval>
      </ScheduleByDay>
    </CalendarTrigger>
  </Triggers>
  <Actions Context="Author">
    <Exec>
      <Command>C:\project\yii2\sl886\yii.bat</Command>
      <Arguments>runtask</Arguments>
      <WorkingDirectory>C:\project\yii2\sl886\</WorkingDirectory>
    </Exec>
  </Actions>
</Task>
