﻿<?xml version="1.0" encoding="UTF-16"?>
<Task version="1.2" xmlns="http://schemas.microsoft.com/windows/2004/02/mit/task">
  <RegistrationInfo>
    <Date>2019-09-10T21:07:52.8938491</Date>
    <Author>admin</Author>
    <URI>\GroupBuya - Import Analytics</URI>
  </RegistrationInfo>
  <Principals>
    <Principal id="Author">
      <UserId>S-1-5-18</UserId>
    </Principal>
  </Principals>
  <Settings>
    <DisallowStartIfOnBatteries>true</DisallowStartIfOnBatteries>
    <StopIfGoingOnBatteries>true</StopIfGoingOnBatteries>
    <MultipleInstancesPolicy>IgnoreNew</MultipleInstancesPolicy>
    <StartWhenAvailable>true</StartWhenAvailable>
    <IdleSettings>
      <StopOnIdleEnd>true</StopOnIdleEnd>
      <RestartOnIdle>false</RestartOnIdle>
    </IdleSettings>
  </Settings>
  <Triggers>
    <CalendarTrigger>
      <StartBoundary>2019-09-10T16:52:43</StartBoundary>
      <Repetition>
        <Interval>PT6H</Interval>
        <Duration>P1D</Duration>
      </Repetition>
      <ScheduleByDay>
        <DaysInterval>1</DaysInterval>
      </ScheduleByDay>
    </CalendarTrigger>
  </Triggers>
  <Actions Context="Author">
    <Exec>
      <Command>C:\project\yii2\GroupBuya\yii.bat</Command>
      <Arguments>analytics</Arguments>
      <WorkingDirectory>C:\project\yii2\GroupBuya\</WorkingDirectory>
    </Exec>
  </Actions>
</Task>
