﻿<?xml version="1.0" encoding="UTF-16"?>
<Task version="1.2" xmlns="http://schemas.microsoft.com/windows/2004/02/mit/task">
  <RegistrationInfo>
    <Date>2013-08-16T18:00:55.3033758</Date>
    <Author>admin</Author>
    <URI>\GroupBuya - GrabJetsoObj</URI>
  </RegistrationInfo>
  <Principals>
    <Principal id="Author">
      <UserId>S-1-5-18</UserId>
    </Principal>
  </Principals>
  <Settings>
    <DisallowStartIfOnBatteries>true</DisallowStartIfOnBatteries>
    <StopIfGoingOnBatteries>true</StopIfGoingOnBatteries>
    <ExecutionTimeLimit>PT1H</ExecutionTimeLimit>
    <MultipleInstancesPolicy>StopExisting</MultipleInstancesPolicy>
    <StartWhenAvailable>true</StartWhenAvailable>
    <IdleSettings>
      <StopOnIdleEnd>true</StopOnIdleEnd>
      <RestartOnIdle>false</RestartOnIdle>
    </IdleSettings>
  </Settings>
  <Triggers>
    <CalendarTrigger>
      <StartBoundary>2013-08-16T08:00:00</StartBoundary>
      <Repetition>
        <Interval>PT50M</Interval>
        <Duration>PT16H</Duration>
      </Repetition>
      <ScheduleByDay>
        <DaysInterval>1</DaysInterval>
      </ScheduleByDay>
    </CalendarTrigger>
    <CalendarTrigger>
      <StartBoundary>2013-08-16T00:00:57</StartBoundary>
      <Repetition>
        <Interval>PT3H</Interval>
        <Duration>PT8H</Duration>
      </Repetition>
      <ScheduleByDay>
        <DaysInterval>1</DaysInterval>
      </ScheduleByDay>
    </CalendarTrigger>
  </Triggers>
  <Actions Context="Author">
    <Exec>
      <Command>C:\project\yii2\GroupBuya\yii.bat</Command>
      <Arguments>grabobj graball</Arguments>
      <WorkingDirectory>C:\project\yii2\GroupBuya\</WorkingDirectory>
    </Exec>
  </Actions>
</Task>
