﻿<?xml version="1.0" encoding="UTF-16"?>
<Task version="1.2" xmlns="http://schemas.microsoft.com/windows/2004/02/mit/task">
  <RegistrationInfo>
    <Date>2023-11-18T14:43:29.3661112</Date>
    <Author>PAULCOM\admin</Author>
    <URI>\GroupBuya - KKDay Import</URI>
  </RegistrationInfo>
  <Principals>
    <Principal id="Author">
      <UserId>S-1-5-18</UserId>
    </Principal>
  </Principals>
  <Settings>
    <DisallowStartIfOnBatteries>true</DisallowStartIfOnBatteries>
    <StopIfGoingOnBatteries>true</StopIfGoingOnBatteries>
    <ExecutionTimeLimit>PT4H</ExecutionTimeLimit>
    <MultipleInstancesPolicy>StopExisting</MultipleInstancesPolicy>
    <StartWhenAvailable>true</StartWhenAvailable>
    <IdleSettings>
      <StopOnIdleEnd>true</StopOnIdleEnd>
      <RestartOnIdle>false</RestartOnIdle>
    </IdleSettings>
  </Settings>
  <Triggers>
    <CalendarTrigger>
      <StartBoundary>2023-11-18T03:40:00</StartBoundary>
      <ScheduleByDay>
        <DaysInterval>1</DaysInterval>
      </ScheduleByDay>
    </CalendarTrigger>
  </Triggers>
  <Actions Context="Author">
    <Exec>
      <Command>C:\project\yii2\GroupBuya\yii.bat</Command>
      <Arguments>grabgb/kkday import</Arguments>
      <WorkingDirectory>C:\project\yii2\GroupBuya\</WorkingDirectory>
    </Exec>
  </Actions>
</Task>
